Residue,Pred AA Prob,Pred CA Prob
GLY,0.8701152849768602,0.5188918201127422
PRO,0.5252332277644911,0.5627576939826621
GLY,0.4123792556589962,0.5303358105038551
SER,0.8283640355050359,0.5843704647404042
MET,0.35983455872830095,0.48703623057507367
GLU,0.3837388294443196,0.5078527743783315
GLU,0.32608817512242216,0.5180431797875403
HIS,0.32890057661278554,0.4823667412519703
THR,0.5189922362862452,0.52398120261708
GLU,0.5019071328400775,0.5218611709560954
ALA,0.1430694398971923,0.4510738920951366
GLY,0.22471430695804606,0.4959563107911575
SER,0.3756070053265292,0.4692264738915802
ALA,0.29043049025024276,0.4376463248599306
PRO,0.2977302060902618,0.4628824390412813
GLU,0.346283200323984,0.4760043742256986
MET,0.365840164240905,0.5031794782608616
GLY,0.9263111923690888,0.5598280992525699
ALA,0.39408899180538465,0.5218611709560954
GLN,0.25831869381788397,0.4414144724995988
LYS,0.3200923314561401,0.48448890373916276
ALA,0.22753602644057022,0.46034807018728136
LEU,0.20758075146883498,0.4280502231574754
ILE,0.2906833826326388,0.43722807738455327
ASP,0.33598105251124444,0.48703623057507367
ASN,0.5771052567653179,0.6309267822795854
PRO,0.5299871447181879,0.5404819089047169
ALA,0.28729517553131145,0.5328750180007068
ASP,0.3110676357789687,0.5332980573020982
ILE,0.4023266879092906,0.4743089721352566
LEU,0.30195924257470325,0.4802452146667314
VAL,0.6593192898962974,0.5547963375453222
ILE,0.7497236996114837,0.565682917318969
ALA,0.8620181964863298,0.5648475967801733
ALA,0.9214787932869561,0.5773361805028979
TYR,0.3412820637843767,0.4451893796970172
PHE,0.7508106842015919,0.5328750180007068
LEU,0.7448512133327426,0.5413260212026512
LEU,0.9946910708143893,0.6141549964638761
VAL,0.9229048124423939,0.6257671124981433
ILE,0.6341776843356381,0.5150721508906726
GLY,0.7898700859694695,0.5392153063119244
VAL,0.24142929758150364,0.4481298202224357
GLY,0.7559810652080632,0.49680606589367204
LEU,0.6585179307149964,0.5358352665516595
TRP,0.4957436901498057,0.49680606589367204
SER,0.47782615718784627,0.5362579580481543
MET,0.300430192804035,0.4713434666407365
CYS,0.2724296709844254,0.4557071413658851
ARG,0.2184402142344334,0.44015765134554324
THR,0.2870025138345466,0.4832155342135777
ASN,0.5015200939555243,0.6011896379558396
ARG,0.42492000155778464,0.5354125235634772
GLY,0.5408383263965808,0.48448890373916276
THR,0.6828946558043572,0.5627576939826621
VAL,0.506877549810046,0.5265240935630107
GLY,0.5012476214195204,0.4607703262147031
GLY,0.7758344844456948,0.4849134058254821
TYR,0.7011794656396529,0.5715194639855677
PHE,0.46710693088606425,0.5619211043417275
LEU,0.6728587985685642,0.511675396605656
ALA,0.7437680125681552,0.5320287981709579
GLY,0.7625682697120518,0.4917079838262007
ARG,0.6087039607752619,0.5740148608110202
SER,0.573905389012032,0.565265303378478
MET,0.5159678467744071,0.5585712694925853
VAL,0.5840485120768564,0.5286421243890086
TRP,0.3552257314034498,0.49850562654415714
TRP,0.38783395257958014,0.5193160997101911
PRO,0.4818320770152241,0.5328750180007068
VAL,0.8304693307196505,0.5648475967801733
GLY,0.3641885618964137,0.505303821727375
ALA,0.9212524778665779,0.4972309506710238
SER,0.5667467107178216,0.5112507200503834
LEU,0.7754030508415373,0.563593926767576
PHE,0.685440686035724,0.5827183173663062
ALA,0.7542324749047414,0.5476489760991878
SER,0.4488735157406434,0.5535365984261152
ASN,0.309593332946679,0.5290656092801725
ILE,0.5019248874959535,0.5379481971021169
GLY,0.4803941836014316,0.48194238262036715
SER,0.5093132442426526,0.5690204246158457
GLY,0.15765735413708495,0.5040292337183061
HIS,0.37743746353476854,0.52398120261708
PHE,0.5689586032580395,0.5438569162859486
VAL,0.7379258389281804,0.5564748922834104
GLY,0.9465913753585009,0.4578157500536898
LEU,0.9601513944911736,0.5316056188493651
ALA,0.5121390468544418,0.515496653727724
GLY,0.9697751452523984,0.5677695771477748
THR,0.7097409087922804,0.5921917048660819
GLY,0.31330921114415466,0.4874608541062876
ALA,0.31484377098553706,0.5760914879859377
ALA,0.5052696397006994,0.565265303378478
SER,0.6470824516102418,0.49085844248779026
GLY,0.9806072523136793,0.4972309506710238
LEU,0.41019601289883606,0.5581521585964615
ALA,0.5610617180300286,0.6076913006540092
VAL,0.884775577039694,0.6332981896277909
ALA,0.5101284389832788,0.5307591244116429
GLY,0.5188019748560198,0.5121000563071286
PHE,0.686195583775714,0.5197403514506718
GLU,0.3172139311733553,0.5087023410897741
TRP,0.4180668163219559,0.5392153063119244
ASN,0.5164901334823901,0.5299124529427699
ALA,0.8455584341403949,0.5159211342041674
LEU,0.5979384632268052,0.5150721508906726
PHE,0.7852627235237437,0.46499588470648673
VAL,0.4002513677037964,0.49893052363674384
VAL,0.8301303888001392,0.5909597649823616
LEU,0.671273245578504,0.5827183173663062
LEU,0.9094216881892351,0.555216094979149
LEU,0.8661306138323115,0.5856083341109878
GLY,0.731242343380917,0.5227092824241883
TRP,0.5251108880537123,0.5740148608110202
LEU,0.6257320430274632,0.52398120261708
PHE,0.736015249013768,0.6028184996544256
ALA,0.56862929815635,0.5715194639855677
PRO,0.5897571414412857,0.5354125235634772
VAL,0.8640204984743316,0.5897266818590603
TYR,0.5816571418297156,0.5468067583019615
LEU,0.9277399546588012,0.4185079427127677
THR,0.38918259147766265,0.5286421243890086
ALA,0.6121706303240625,0.5547963375453222
GLY,0.942374888029078,0.4785485025125085
VAL,0.6331732661828557,0.5493325886218714
ILE,0.6036482134658369,0.537103184162452
THR,0.534605825089381,0.5526963891843052
MET,0.38648597472583807,0.5303358105038551
PRO,0.393599434638032,0.4912832068639947
GLN,0.5901918422493296,0.5497533168325629
TYR,0.3294427159507368,0.475156601594175
LEU,0.8929203923852188,0.5014799171510381
ARG,0.6306426068749973,0.5610841624525775
LYS,0.660050984235296,0.5723516736699705
ARG,0.5937698290185163,0.541747988729908
PHE,0.6158638380778119,0.5661004380295074
GLY,0.2668853017965149,0.4675336730696352
GLY,0.9270972126675425,0.47261416216967367
ARG,0.5877007850581005,0.573183474111848
ARG,0.5288074539042821,0.5451215233130328
ILE,0.7791466056144966,0.527795031514628
ARG,0.588383000213611,0.5176188202804776
LEU,0.9420189403397297,0.5773361805028979
TYR,0.6960764870978011,0.5282185982652359
LEU,0.7832250327199909,0.5197403514506718
SER,0.6021621755978332,0.5942423583818848
VAL,0.8646468995600844,0.5880808176537506
LEU,0.8253299491775741,0.6011896379558396
SER,0.5103326161970956,0.5404819089047169
LEU,0.9070815190408908,0.578579891790528
PHE,0.7978869040856468,0.537103184162452
LEU,0.5130103021590134,0.475156601594175
TYR,0.629935437703253,0.5954711793712494
ILE,0.7269727491680068,0.5893154025954761
PHE,0.5671364523255586,0.5765064935898722
THR,0.5615063491102653,0.596698804593812
LYS,0.3573219808305381,0.5307591244116429
ILE,0.7623783482615015,0.6011896379558396
SER,0.24329005062613734,0.4700731423893095
VAL,0.4441754161138085,0.48194238262036715
ASP,0.30404146171892,0.5210129334316216
MET,0.39411299489637674,0.5201645747242335
PHE,0.8168862866065404,0.6024114962794471
SER,0.45690026427491764,0.5396375642650726
GLY,0.9403824299302973,0.5091271059042661
ALA,0.5000997083397166,0.5644297980967158
VAL,0.6600236706654744,0.5036043585923701
PHE,0.41487095123670864,0.5383706221314661
ILE,0.3382881072201954,0.4510738920951366
GLN,0.40785054786806046,0.5661004380295074
GLN,0.411920100998183,0.5112507200503834
ALA,0.4756373793846966,0.5078527743783315
LEU,0.4527974220400921,0.43973888057520055
GLY,0.9039332257213556,0.4671105880900976
TRP,0.4876081972603587,0.5698538349356135
ASN,0.5028499702826413,0.6076913006540092
ILE,0.39782579837974025,0.5014799171510381
TYR,0.5688465381220652,0.5690204246158457
ALA,0.7497556121613159,0.5425917435568175
SER,0.5864303047813808,0.5459642724593788
VAL,0.7221038816889517,0.5180431797875403
ILE,0.794606395381076,0.5975165500842443
ALA,0.5436299856086636,0.527795031514628
LEU,0.61593827855793,0.6137521665938144
LEU,0.47326195073013866,0.5946520973629819
GLY,0.2994361717163127,0.5781654313129871
ILE,0.6047399758150065,0.5765064935898722
THR,0.34450789968607476,0.5425917435568175
MET,0.5420955946956953,0.505303821727375
ILE,0.5997808079530624,0.5839576041142228
TYR,0.38415735222164576,0.5074279737074163
THR,0.30036930432541403,0.4590816459564361
VAL,0.7667822412827108,0.5958805213436916
THR,0.7924022022655607,0.5942423583818848
GLY,0.3711170296028206,0.46245990744832144
GLY,0.530043133536905,0.4972309506710238
LEU,0.8289838999152225,0.5244051077119983
ALA,0.892000624914952,0.5760914879859377
ALA,0.8302283141392265,0.5839576041142228
LEU,0.8928396999778399,0.5681866231449301
MET,0.5533703034517,0.5756763750268911
TYR,0.41270662315585177,0.4849134058254821
THR,0.6544219521165191,0.6141549964638761
ASP,0.3824317102750189,0.5404819089047169
THR,0.2759398353962189,0.4815180500357023
VAL,0.8142614080417117,0.5383706221314661
GLN,0.44928324618459575,0.5057286698958985
THR,0.6846846153432867,0.5856083341109878
PHE,0.274863373817621,0.4376463248599306
VAL,0.8419706522419741,0.5864329811600439
ILE,0.8149296933392154,0.5926020949498347
LEU,0.9747824488115399,0.5430135296638255
GLY,0.21281221059178065,0.47091998316308853
GLY,0.9942711682317639,0.6450567459589069
ALA,0.7669263971832766,0.5472279010023562
CYS,0.25983585284065663,0.49680606589367204
ILE,0.8135317170502114,0.5560553729317725
LEU,0.6689924278046788,0.5740148608110202
MET,0.4824494115230406,0.5661004380295074
GLY,0.9241990213231189,0.5040292337183061
TYR,0.35812056085491134,0.44602912327682875
ALA,0.6292199915735354,0.5409039943951953
PHE,0.5193802089872396,0.5014799171510381
HIS,0.336525548616233,0.48788549573663537
GLU,0.622129428678583,0.5522761713727138
VAL,0.5144628997834494,0.5269477785571649
GLY,0.2941468821549522,0.4485501842918181
GLY,0.07297295166489863,0.4251400382857701
TYR,0.35417861554316693,0.5133739281662174
SER,0.32614324971257036,0.4472893150033851
GLY,0.2630903429567207,0.5193160997101911
LEU,0.7943422622098826,0.5112507200503834
PHE,0.252085668290839,0.44099544788712747
ASP,0.32641942054254974,0.5383706221314661
LYS,0.3942303834183941,0.5358352665516595
TYR,0.3593977018844746,0.4912832068639947
LEU,0.5546999795364873,0.5400597653287278
GLY,0.1340169047728429,0.499780321842207
ALA,0.5600272819594599,0.556894331107913
ALA,0.3192569203150836,0.5640119079012851
THR,0.5694825061787497,0.5581521585964615
SER,0.39531414844285984,0.5413260212026512
LEU,0.3734254685869574,0.5358352665516595
THR,0.4440236130910919,0.5061535097914824
VAL,0.972579666162886,0.6241736893524761
SER,0.704717429772397,0.5839576041142228
GLU,0.34422113817368893,0.5197403514506718
ASP,0.29054052423670423,0.489584231003883
PRO,0.4003671764305251,0.5231332893649248
ALA,0.3470503511509644,0.5409039943951953
VAL,0.688825102297718,0.45402139331528185
GLY,0.2074136958691637,0.5358352665516595
ASN,0.30811485862879595,0.49893052363674384
ILE,0.9307153584934488,0.5311823940615794
SER,0.45456901622875046,0.5615026771398797
SER,0.20546338101965764,0.4435108357606724
PHE,0.427631534339359,0.5497533168325629
CYS,0.33270294915080595,0.5358352665516595
TYR,0.34900925591064796,0.509976595386242
ARG,0.685155458696728,0.5345668855174509
PRO,0.9706699623879801,0.5447000514843415
ARG,0.22489527360844314,0.42016330521647016
PRO,0.3299595353420164,0.47091998316308853
ASP,0.3841976982444956,0.4904336913104956
SER,0.31950251144297365,0.45528560766131826
TYR,0.29239836744590586,0.44602912327682875
HIS,0.18347644916970357,0.4326333708724746
LEU,0.36826203500412225,0.4523366987965736
LEU,0.5659512668595598,0.5514355123024782
ARG,0.42781250212981536,0.4781244002649964
HIS,0.257549200925579,0.4755804703172075
PRO,0.26503274021501333,0.48194238262036715
VAL,0.6227884366949131,0.581477984806328
THR,0.4663758501487706,0.4764283127117012
GLY,0.3933197010339936,0.4717669913715992
ASP,0.5045943246826458,0.5789942415768745
LEU,0.23495043738252283,0.4730378070246568
PRO,0.5302495078774396,0.5205887689210896
TRP,0.6655872392478446,0.5831315298805825
PRO,0.48750110414190945,0.527795031514628
ALA,0.495744119448292,0.5926020949498347
LEU,0.7709719229642862,0.5316056188493651
LEU,0.9979564419044746,0.6504856815990165
LEU,0.8408177122924109,0.46795680474319146
GLY,0.827258936088446,0.541747988729908
LEU,0.9658340342368164,0.5438569162859486
THR,0.5128031018572748,0.5602468729309703
ILE,0.6891698118143448,0.5648475967801733
VAL,0.863656718257826,0.6225775736651644
SER,0.4964058214925426,0.541747988729908
GLY,0.9280538715425294,0.5121000563071286
TRP,0.4750447408317366,0.5526963891843052
TYR,0.541665624340118,0.573183474111848
TRP,0.45133947031639404,0.5332980573020982
CYS,0.19935996740863077,0.45023236991730975
SER,0.6618825711903916,0.46372766156929796
ASP,0.4486334483037969,0.6024114962794471
GLN,0.28454183234093633,0.4743089721352566
VAL,0.7590530079944369,0.608906197766411
ILE,0.4704510668907426,0.5133739281662174
VAL,0.6606572336742679,0.5706868495679801
GLN,0.3988892167143922,0.5188918201127422
ARG,0.502800154252063,0.5735992194601731
CYS,0.4742753716362506,0.585195830283418
LEU,0.4775770973783623,0.48576247469664124
ALA,0.7788570053430132,0.5740148608110202
GLY,0.5090151461123855,0.5681866231449301
LYS,0.623413426741079,0.573183474111848
SER,0.7947150417496143,0.5798226068611022
LEU,0.7484381929580377,0.5610841624525775
THR,0.6749126980022916,0.5332980573020982
HIS,0.482215204531123,0.5480699830007135
ILE,0.7075805681269577,0.5573136888228356
LYS,0.3969331668603388,0.5501739738951272
ALA,0.9252435086073223,0.5137985143304789
GLY,0.21577721874154937,0.4976558394476431
CYS,0.4503258679981172,0.5690204246158457
ILE,0.5641157788980196,0.5421698963801286
LEU,0.8265918352084736,0.5623394434813971
CYS,0.48468359536164035,0.5831315298805825
GLY,0.8982773482040536,0.505303821727375
TYR,0.4736058818220793,0.5150721508906726
LEU,0.918860472111298,0.5765064935898722
LYS,0.5191593940358425,0.5934224871079914
LEU,0.8256828886679545,0.5585712694925853
THR,0.7569419473228295,0.5901378357020892
PRO,0.5109229837755829,0.5409039943951953
MET,0.3072587094016209,0.499780321842207
PHE,0.7059619044810144,0.6237749116826462
LEU,0.47796678881012816,0.5261003703674163
MET,0.48202597493523597,0.5765064935898722
VAL,0.8157618306238757,0.5594092404005178
MET,0.535789208979817,0.515496653727724
PRO,0.7166009939417644,0.5619211043417275
GLY,0.3952647789941787,0.5459642724593788
MET,0.5591534872653274,0.5463855485901322
ILE,0.8099444718607284,0.6015970649154406
SER,0.48004686927972895,0.5769213912811675
ARG,0.5056483250860456,0.554376501918671
ILE,0.7519628432454921,0.5806505227421105
LEU,0.474146533676498,0.5150721508906726
TYR,0.46364896576395553,0.4980807316099028
PRO,0.19756265085503213,0.4802452146667314
ASP,0.2082791994672949,0.4485501842918181
GLU,0.19477772447254751,0.4380646609933089
VAL,0.7766317612759734,0.5193160997101911
ALA,0.7481444794827388,0.6269603948688172
CYS,0.2865886492257302,0.4815180500357023
VAL,0.6492219888164201,0.5320287981709579
VAL,0.24738685168228916,0.4849134058254821
PRO,0.6272474061408443,0.5320287981709579
GLU,0.18074428748637958,0.4313822432870787
VAL,0.41347365612952597,0.46668755040781784
CYS,0.38931796558406645,0.5556357736359006
ARG,0.646352724222147,0.554376501918671
ARG,0.3387693049567244,0.49383203597058223
VAL,0.2308768777784271,0.49680606589367204
CYS,0.2604225014595419,0.47939679917558053
GLY,0.341623544536086,0.5409039943951953
THR,0.6405178779931138,0.5677695771477748
GLU,0.32946784393441386,0.5205887689210896
VAL,0.3301419905233842,0.45697212092624645
GLY,0.16865346595751055,0.44099544788712747
CYS,0.2912424856057257,0.4934072052744096
SER,0.30532014389850026,0.4477095302638665
ASN,0.38135241813093157,0.5434352541053519
ILE,0.6832852609168487,0.5556357736359006
ALA,0.4460113703013605,0.44939113241182066
TYR,0.5251419467561634,0.5777508606987425
PRO,0.8115314876166378,0.5934224871079914
ARG,0.44461405259555503,0.5014799171510381
LEU,0.7524274094708323,0.5794084801181514
VAL,0.4982057012350522,0.524828977642139
VAL,0.49154023412583575,0.516345591708733
LYS,0.4199225649164696,0.5142230805804651
LEU,0.3644898872416856,0.5421698963801286
MET,0.6341627247619751,0.6153625464218246
PRO,0.39043712335903724,0.5884924699548995
ASN,0.34556436102770227,0.541747988729908
GLY,0.982674902184289,0.5876690420837282
LEU,0.8595956336559487,0.5328750180007068
ARG,0.570973047139406,0.5455429305025908
GLY,0.3544780899410416,0.5619211043417275
LEU,0.7800433957704541,0.5044541030251222
MET,0.5231106103385139,0.5860207179175229
LEU,0.7397145188600023,0.4772762909834621
ALA,0.6217275682989735,0.5256766095772887
VAL,0.26850424613508955,0.5023297044354658
MET,0.5344325219057249,0.5594092404005178
LEU,0.6685406351432325,0.5880808176537506
ALA,0.8548160256726607,0.523557262965338
ALA,0.4137383793305682,0.5619211043417275
LEU,0.7064642495570292,0.6325084310783555
MET,0.4618527227586284,0.5375257175791899
SER,0.576421111817163,0.5823049886502606
SER,0.3281727948551307,0.4929823840986785
LEU,0.5390440937077752,0.5905488635883599
ALA,0.839224586502299,0.5188918201127422
SER,0.22885892881519007,0.46161500660482363
ILE,0.8223628084555867,0.5802366212530922
PHE,0.5881477495734408,0.5505945592202023
ASN,0.5205155323227328,0.6125427442075267
SER,0.7775020315338291,0.5810643107767737
SER,0.5119885825880665,0.5573136888228356
SER,0.6167041571528598,0.5748458292765608
THR,0.48296657047566444,0.5442785156105231
LEU,0.5455695719469644,0.4887348308458337
PHE,0.7308589386972393,0.48533792968181494
THR,0.6414842193017358,0.6181746190297869
MET,0.4727192743110148,0.5547963375453222
ASP,0.27932572885969087,0.4917079838262007
ILE,0.6376184295333394,0.5719356197014647
TYR,0.5708243767359794,0.5455429305025908
THR,0.38714553703193133,0.49213277276142753
ARG,0.42190313654868744,0.5409039943951953
LEU,0.555611436580138,0.5320287981709579
ARG,0.5474731110866063,0.5261003703674163
PRO,0.44242872544646494,0.5893154025954761
ARG,0.49114770741003255,0.5400597653287278
ALA,0.42722977849390426,0.5644297980967158
GLY,0.2786454003451963,0.5006301213168091
ASP,0.37551964123603476,0.5455429305025908
ARG,0.503556570833254,0.5648475967801733
GLU,0.20736324470825016,0.4485501842918181
LEU,0.5263047103280578,0.5176188202804776
LEU,0.5528649225502261,0.572767625327702
LEU,0.6347039120985913,0.5975165500842443
VAL,0.5971538617259041,0.5926020949498347
GLY,0.30875428124541887,0.45191569422567146
ARG,0.5169741351433358,0.5694371789533459
LEU,0.7885727804031655,0.6097153808481514
TRP,0.5048061925180641,0.5387929920677819
VAL,0.3609618682064549,0.4904336913104956
VAL,0.37289623201432914,0.48788549573663537
PHE,0.42061323105295173,0.44099544788712747
ILE,0.5941093560918287,0.541747988729908
VAL,0.2943150854226953,0.524828977642139
VAL,0.21303924141069472,0.4671105880900976
VAL,0.2972031696839164,0.45317891199294497
SER,0.7823453518751485,0.5070031623105069
VAL,0.8405959355334904,0.5694371789533459
ALA,0.4671781799797487,0.6036320792225154
TRP,0.44764007192074523,0.509976595386242
LEU,0.4931007884327998,0.44602912327682875
PRO,0.5246779136767104,0.5218611709560954
VAL,0.28615830777304646,0.48703623057507367
VAL,0.2875935226554514,0.4832155342135777
GLN,0.5256813113854959,0.5769213912811675
ALA,0.9438868824394919,0.5476489760991878
ALA,0.8684755385820044,0.558990296953976
GLN,0.610788195303269,0.6229768533679365
GLY,0.7593993233860435,0.5205887689210896
GLY,0.10340120920370677,0.4481298202224357
GLN,0.3789873835600054,0.5269477785571649
LEU,0.4566525730918611,0.48915952309998595
PHE,0.678617795475266,0.496381185729191
ASP,0.6624860894597421,0.5142230805804651
TYR,0.5440202118211099,0.5176188202804776
ILE,0.7664736888547964,0.5798226068611022
GLN,0.43550216607569686,0.5661004380295074
ALA,0.725300865994762,0.5303358105038551
VAL,0.7387991475971731,0.6117356902334224
SER,0.45796466145810066,0.5577329648461926
SER,0.4854626412890411,0.5748458292765608
TYR,0.584232881694918,0.5769213912811675
LEU,0.9491147201929122,0.5995585336456544
ALA,0.8903237835277424,0.554376501918671
PRO,0.5112664596958285,0.5256766095772887
PRO,0.7078469560459382,0.5669351974747949
VAL,0.6988110869320606,0.5897266818590603
SER,0.7545583191285616,0.5794084801181514
ALA,0.949991952112319,0.5954711793712494
VAL,0.8147919802498843,0.5971077448211233
PHE,0.6401049466976002,0.5497533168325629
VAL,0.8588982835611282,0.5484909211155786
LEU,0.35834100873787955,0.5252528117997508
ALA,0.4096342941821473,0.5362579580481543
LEU,0.4439759629982414,0.5556357736359006
PHE,0.9032310244940539,0.5954711793712494
VAL,0.9068989130156517,0.6185757029689442
PRO,0.7943846346633223,0.4730378070246568
ARG,0.31860404033845074,0.496381185729191
VAL,0.41649746537256915,0.5505945592202023
ASN,0.2584323775349696,0.49680606589367204
GLU,0.5150130761286069,0.620578688618109
GLN,0.5306003713315676,0.5556357736359006
GLY,0.7953788199898234,0.4798209923724313
ALA,0.754394552840319,0.5946520973629819
PHE,0.29398105243924894,0.48066946544870015
TRP,0.2972779087892776,0.4764283127117012
GLY,0.9573366792275408,0.4313822432870787
LEU,0.8974738704754862,0.5631758552697961
ILE,0.423085098996607,0.5027545933373588
GLY,0.2553336938864227,0.5316056188493651
GLY,0.8854157707159638,0.522285242751669
LEU,0.6134236954709108,0.5926020949498347
LEU,0.8374544948710893,0.555216094979149
MET,0.374462053923326,0.5205887689210896
GLY,0.6261044907311307,0.5290656092801725
LEU,0.44505699280102107,0.5400597653287278
ALA,0.5907301715888851,0.5765064935898722
ARG,0.302074110066776,0.4405765073092342
LEU,0.3529188559074081,0.516345591708733
ILE,0.6216402803168599,0.6229768533679365
PRO,0.14649168801023574,0.4205774281459654
GLU,0.41939031193492016,0.5142230805804651
PHE,0.36142677083965263,0.46372766156929796
SER,0.28832623293997595,0.4628824390412813
PHE,0.40716606042462106,0.46372766156929796
GLY,0.6256530790692154,0.5010550199958128
SER,0.21986650735933577,0.4510738920951366
GLY,0.6670203807514515,0.506578340800783
SER,0.28254184220695355,0.46499588470648673
CYS,0.18770078374690477,0.4485501842918181
VAL,0.1949516174209203,0.4781244002649964
GLN,0.22173770873467577,0.44897062188431774
PRO,0.9507343521695166,0.524828977642139
SER,0.4583225352195416,0.5171944353578193
ALA,0.7010125836557101,0.5404819089047169
CYS,0.4207375439135822,0.5560553729317725
PRO,0.4461253601654335,0.6036320792225154
ALA,0.9503442220604511,0.4317991893341746
PHE,0.5475453566443675,0.5856083341109878
LEU,0.5545246886915235,0.5560553729317725
CYS,0.5675290714129002,0.5320287981709579
GLY,0.3476086417133373,0.48533792968181494
VAL,0.36031251959594385,0.5463855485901322
HIS,0.49613610317899676,0.5468067583019615
TYR,0.3329777314209128,0.4955314416931184
LEU,0.8912604207752659,0.46245990744832144
TYR,0.4376991408298729,0.5345668855174509
PHE,0.2910201950448154,0.46668755040781784
ALA,0.7496266391603822,0.5501739738951272
ILE,0.5029334597367878,0.5261003703674163
VAL,0.3607034926414342,0.5358352665516595
LEU,0.2725510182259368,0.4628824390412813
PHE,0.3616286420489353,0.511675396605656
PHE,0.8491080126983993,0.5843704647404042
CYS,0.3814114547755749,0.5640119079012851
SER,0.31154645466560094,0.5104013188281364
GLY,0.9186590927839382,0.563593926767576
LEU,0.6653376718511987,0.6153625464218246
LEU,0.6717132904385719,0.585195830283418
THR,0.6623831748993527,0.6003743640607306
LEU,0.6778011245820588,0.565682917318969
THR,0.5764162294176144,0.5644297980967158
VAL,0.5322075839118023,0.4942568755739058
SER,0.44696319108622024,0.573183474111848
LEU,0.5788080674983225,0.6165686766310035
CYS,0.5022811000285317,0.5752611552708583
THR,0.4651154640366019,0.499780321842207
ALA,0.25005334801302553,0.516345591708733
PRO,0.7105372703728772,0.5539565886838903
ILE,0.4033583728658964,0.4925575730566253
PRO,0.45560313355644666,0.5091271059042661
ARG,0.5289042113544585,0.5244051077119983
LYS,0.5610767849625359,0.5711032070862331
HIS,0.27599844070616275,0.4980807316099028
LEU,0.8991906222208748,0.5193160997101911
HIS,0.3464916721170087,0.5061535097914824
ARG,0.7305784081277304,0.6011896379558396
LEU,0.8507301107975351,0.6101197463881473
VAL,0.8295954670729749,0.5104013188281364
PHE,0.1980749493043591,0.41933539701872596
SER,0.24507982789222876,0.46119263855348724
LEU,0.4458154680361395,0.5142230805804651
ARG,0.26380362547881386,0.4548641380220948
HIS,0.19916567333922552,0.4176809467019166
SER,0.30691833178224215,0.5040292337183061
LYS,0.46230889827009913,0.42347938850798317
GLU,0.5432401983916892,0.5332980573020982
GLU,0.3727122026107511,0.4523366987965736
ARG,0.4463249905978306,0.5316056188493651
GLU,0.4490036539008591,0.5823049886502606
ASP,0.30181844131434454,0.46499588470648673
LEU,0.5682531272004833,0.5379481971021169
ASP,0.2989859662053324,0.5159211342041674
ALA,0.6450403535466103,0.5218611709560954
ASP,0.2905359195901457,0.4980807316099028
GLU,0.533776726258195,0.5526963891843052
GLN,0.28291566528663403,0.47261416216967367
GLN,0.277993142634459,0.4883101548539175
GLY,0.6636517306587254,0.5510150722188335
SER,0.4801605240796162,0.5311823940615794
SER,0.4401440885243156,0.5510150722188335
LEU,0.8398152431064692,0.5180431797875403
PRO,0.2505713474770582,0.4326333708724746
VAL,0.7373402565202224,0.565265303378478
GLN,0.5786555077017681,0.5987421508586657
ASN,0.22087939487344918,0.4675336730696352
GLY,0.32615374470269676,0.48194238262036715
CYS,0.29282117231913934,0.5074279737074163
PRO,0.5082006091981867,0.4972309506710238
GLU,0.24034279474840556,0.46964978630350956
SER,0.3807777221385924,0.4802452146667314
ALA,0.6114679326010783,0.5383706221314661
MET,0.2616555289064693,0.4645730925494623
GLU,0.22849438811476538,0.4620374297695833
MET,0.21407747121957668,0.43973888057520055
ASN,0.24003830811169888,0.4692264738915802
GLU,0.27481278365518486,0.4743089721352566
PRO,0.16976242712973416,0.4435108357606724
GLN,0.39130597724002475,0.5337210487237745
ALA,0.26129137826911125,0.510826027253712
PRO,0.44448839244916116,0.5872571437844567
ALA,0.3495788556741021,0.4912832068639947
PRO,0.3721515077530616,0.511675396605656
SER,0.36075055504680353,0.5282185982652359
LEU,0.3531166475750079,0.44099544788712747
PHE,0.6024687504656021,0.5244051077119983
ARG,0.5644071319980265,0.5706868495679801
GLN,0.33898899119634435,0.45823765565621044
CYS,0.21322699074937246,0.45612873854143604
LEU,0.4531844336975123,0.4798209923724313
LEU,0.8921902644821597,0.47897263568579224
TRP,0.2858422603395432,0.4738852126142377
PHE,0.7277541877200502,0.5036043585923701
CYS,0.20729959982823148,0.45739390494498916
GLY,0.4969366486923735,0.4222350324998884
MET,0.21668084883064753,0.4172676219304161
SER,0.30325772844821164,0.4734614907084048
ARG,0.5417753428111067,0.5095518575407003
GLY,0.6381575274775758,0.4802452146667314
GLY,0.29482836627666287,0.46964978630350956
VAL,0.3469587648998978,0.4380646609933089
GLY,0.13898310082978763,0.4599258710697097
SER,0.40084577429891577,0.515496653727724
PRO,0.4102080577998808,0.4730378070246568
PRO,0.2920106752510647,0.5214370676463812
PRO,0.2854424041577798,0.5061535097914824
LEU,0.7505463922549126,0.4777003295523451
THR,0.4477007784458191,0.5547963375453222
GLN,0.2773218367071434,0.4925575730566253
GLU,0.4857301028960049,0.5244051077119983
GLU,0.49954630429997837,0.5606655608570382
ALA,0.32100146976303,0.434302875776708
ALA,0.317484664203027,0.49850562654415714
ALA,0.7760348387983004,0.4347204865546215
ALA,0.41892318057541994,0.4405765073092342
ALA,0.6160002478152279,0.49893052363674384
ARG,0.281050070586941,0.46795680474319146
ARG,0.3053763256720004,0.4645730925494623
LEU,0.7241304302741539,0.4951065790485864
GLU,0.3023041813359687,0.5176188202804776
ASP,0.22840445206651752,0.4883101548539175
ILE,0.4286346964984571,0.4976558394476431
SER,0.23667445448149013,0.436809919142886
GLU,0.40593329602352896,0.5706868495679801
ASP,0.21159529065997748,0.45697212092624645
PRO,0.5420678787048336,0.4620374297695833
SER,0.5213953756507087,0.5669351974747949
TRP,0.3700143761889983,0.5205887689210896
ALA,0.311202897929468,0.41933539701872596
ARG,0.5472972971387817,0.5421698963801286
VAL,0.6882499069520084,0.4590816459564361
VAL,0.5070493390493643,0.5188918201127422
ASN,0.3347837893263045,0.5400597653287278
LEU,0.4133881535760218,0.4942568755739058
ASN,0.3752428440312126,0.527371424743192
ALA,0.8924409619229033,0.48448890373916276
LEU,0.30538101990350813,0.4164413215961852
LEU,0.6433754890765553,0.5104013188281364
MET,0.26567048236256413,0.46541872717282434
MET,0.2588922806353489,0.4675336730696352
ALA,0.8556558770479707,0.48109374410839223
VAL,0.3706365112029883,0.4883101548539175
ALA,0.26924878074558306,0.4607703262147031
VAL,0.28319300728004054,0.44309139968620437
PHE,0.3014679600030251,0.43722807738455327
LEU,0.3306870388860054,0.4288826288868988
TRP,0.40614600847799637,0.4764283127117012
GLY,0.33701245511962774,0.4976558394476431
PHE,0.4246805849267497,0.4451893796970172
TYR,0.43969701051168825,0.49383203597058223
ALA,0.26363858468416157,0.46668755040781784
MET,0.2137457861250219,0.4288826288868988
SER,0.2713728771894113,0.4917079838262007
ALA,0.1760318050034165,0.4380646609933089
LEU,0.5160858783897254,0.4866116257550886
SER,0.46508709357892675,0.5686035724904214
LEU,0.5221083857526668,0.5723516736699705
LEU,0.9459235644654177,0.6504856815990165
ILE,0.5638897343527873,0.5112507200503834
LEU,0.8910387459521107,0.5698538349356135
GLY,0.3759636113592272,0.5777508606987425
LEU,0.5918781002372587,0.563593926767576
LEU,0.20327357736733795,0.44099544788712747
THR,0.462105711070848,0.5354125235634772
ALA,0.9712616926549893,0.6024114962794471
VAL,0.8521149372711098,0.6129460399732423
PRO,0.5060064555826631,0.537103184162452
PRO,0.36616112323536826,0.5256766095772887
ALA,0.5179108559997975,0.48109374410839223
SER,0.2707247950911023,0.4704965415441836
CYS,0.3785915350719049,0.5489117898528203
GLN,0.25926460521079087,0.46880320575806644
GLN,0.3835416463980458,0.5430135296638255
GLY,0.3375920194510138,0.5265240935630107
LEU,0.5244473844327404,0.558990296953976
GLY,0.45238652327627027,0.5383706221314661
ASN,0.1735933192046212,0.43848308520847834
LEU,0.42269240120775153,0.5387929920677819
GLN,0.35413848412774335,0.5137985143304789
PRO,0.27138646481358025,0.4764283127117012
TRP,0.3520288253796016,0.48915952309998595
MET,0.19752097791195078,0.4131408564675055
GLN,0.18336470064150426,0.4347204865546215
GLY,0.32565962716953245,0.44939113241182066
LEU,0.3316685602037482,0.5193160997101911
ILE,0.24232009031658042,0.46541872717282434
ALA,0.6836985924865607,0.5048789658993041
VAL,0.23577364729775205,0.48915952309998595
ALA,0.5890146801254674,0.482791125319945
VAL,0.30884428428594796,0.5489117898528203
PHE,0.498335714491833,0.4326333708724746
LEU,0.8404655355196824,0.5789942415768745
VAL,0.4046569352196297,0.5095518575407003
LEU,0.6012084879779847,0.5366805974519797
VAL,0.4838757413402075,0.5112507200503834
ALA,0.7405339338858654,0.48915952309998595
ILE,0.4149533780744779,0.5197403514506718
ALA,0.7986739561479403,0.47939679917558053
PHE,0.5953258475019522,0.541747988729908
ALA,0.4572445610349475,0.5789942415768745
VAL,0.13412032071209948,0.41933539701872596
ASN,0.14777784317007311,0.41974929465672717
HIS,0.5047334331480066,0.5354125235634772
PHE,0.25758889969349363,0.45655039859325
TRP,0.4005686868425801,0.5362579580481543
CYS,0.2958736022312406,0.5006301213168091
GLN,0.28574804723333935,0.5074279737074163
GLU,0.552384531966941,0.5756763750268911
GLU,0.4215021348362511,0.516770025630284
PRO,0.3462543486199587,0.5594092404005178
GLU,0.3603429879653699,0.541747988729908
PRO,0.47360032978648775,0.5205887689210896
ALA,0.2796908735813222,0.5615026771398797
HIS,0.20301491739125824,0.43932019557687046
MET,0.49736797724404225,0.5698538349356135
ILE,0.4195912941299209,0.4972309506710238
LEU,0.8765210212856018,0.5930123558742388
THR,0.7413926610082319,0.6032253608063798
VAL,0.6450815580035453,0.5765064935898722
GLY,0.5526634806530539,0.6036320792225154
ASN,0.23918210302885975,0.4802452146667314
LYS,0.3618572239724874,0.5261003703674163
ALA,0.6354937133470365,0.5539565886838903
ASP,0.5266320366606313,0.6336928008645527
GLY,0.42445260156162234,0.563593926767576
VAL,0.7328228950001237,0.6309267822795854
LEU,0.8467148260466191,0.5798226068611022
VAL,0.6351042692798835,0.5556357736359006
GLY,0.7818850023209211,0.5719356197014647
THR,0.5107514024124286,0.511675396605656
ASP,0.2762351107075964,0.5146476263044116
GLY,0.49892243626329125,0.5719356197014647
ARG,0.46450586976209624,0.433885358248204
TYR,0.2577029576980215,0.4620374297695833
SER,0.3172894224389112,0.527371424743192
SER,0.7014969157549786,0.6141549964638761
MET,0.5157794600128373,0.5909597649823616
ALA,0.10459185511179518,0.4172676219304161
ALA,0.9404265031083371,0.47091998316308853
SER,0.3798058805728411,0.5261003703674163
PHE,0.5546850649627547,0.5210129334316216
ARG,0.28735593368850504,0.4777003295523451
SER,0.2943324964964141,0.4363918507101349
SER,0.3447906803187475,0.4730378070246568
GLU,0.35423529368592155,0.5078527743783315
HIS,0.49055422156465833,0.5396375642650726
GLU,0.4899638466732575,0.5501739738951272
ASN,0.4974891789639739,0.5180431797875403
ALA,0.5246061299987347,0.5535365984261152
TYR,0.36593742307663485,0.5146476263044116
GLU,0.24347488271469944,0.44476962493383615
ASN,0.3156667038874545,0.4376463248599306
VAL,0.1963731645207314,0.4683799825072591
PRO,0.21493238828842623,0.45402139331528185
GLU,0.36833843778050274,0.47939679917558053
GLU,0.18751155047557752,0.4251400382857701
GLU,0.2185473032332664,0.44015765134554324
GLY,0.48889758825381074,0.4743089721352566
LYS,0.20397434326768063,0.41561549052068253
VAL,0.47827085081586107,0.42347938850798317
ARG,0.25731471445301446,0.45023236991730975
SER,0.35739929349372135,0.484064424034251
THR,0.2548281528522953,0.44981171528579805
PRO,0.465879265707353,0.510826027253712
MET,0.32405507405043965,0.484064424034251
